record_id,source_kind,source_path,language,category,difficulty,instruction_tokens,answer_tokens,full_record_tokens,supervised_tokens,supervised_percentage
b01_js_debug_reduce_empty_total,accepted_jsonl,data/incoming/phase3_5b_batch01_accepted.jsonl,javascript,debugging,basic,17,69,251,69,27.49
b01_js_normalize_label_map,accepted_jsonl,data/incoming/phase3_5b_batch01_accepted.jsonl,javascript,data,basic,17,213,326,213,65.337
b01_js_parse_sort_direction,accepted_jsonl,data/incoming/phase3_5b_batch01_accepted.jsonl,javascript,validation,basic,12,97,202,97,48.02
b01_js_require_delimiter,accepted_jsonl,data/incoming/phase3_5b_batch01_accepted.jsonl,javascript,validation,basic,13,75,176,75,42.614
b01_js_sum_line_totals,accepted_jsonl,data/incoming/phase3_5b_batch01_accepted.jsonl,javascript,validation,basic,12,223,338,223,65.976
b01_js_zip_equal,accepted_jsonl,data/incoming/phase3_5b_batch01_accepted.jsonl,javascript,function,basic,13,92,190,92,48.421
b01_ps_convert_canonical_guid,accepted_jsonl,data/incoming/phase3_5b_batch01_accepted.jsonl,powershell,validation,basic,18,148,263,148,56.274
b01_ps_convert_canonical_label,accepted_jsonl,data/incoming/phase3_5b_batch01_accepted.jsonl,powershell,function,basic,9,81,177,81,45.763
b01_ps_convert_percent_text,accepted_jsonl,data/incoming/phase3_5b_batch01_accepted.jsonl,powershell,validation,basic,16,100,213,100,46.948
b01_ps_debug_zero_retry_count,accepted_jsonl,data/incoming/phase3_5b_batch01_accepted.jsonl,powershell,debugging,basic,20,95,265,95,35.849
b01_ps_require_trimmed_strings,accepted_jsonl,data/incoming/phase3_5b_batch01_accepted.jsonl,powershell,validation,basic,16,168,288,168,58.333
b01_py_build_query_string,accepted_jsonl,data/incoming/phase3_5b_batch01_accepted.jsonl,python,function,basic,16,134,247,134,54.251
b01_py_debug_independent_rows,accepted_jsonl,data/incoming/phase3_5b_batch01_accepted.jsonl,python,debugging,basic,17,46,206,46,22.33
b01_py_debug_missing_key_vs_none,accepted_jsonl,data/incoming/phase3_5b_batch01_accepted.jsonl,python,debugging,basic,20,44,223,44,19.731
b01_py_merge_nonnegative_counts,accepted_jsonl,data/incoming/phase3_5b_batch01_accepted.jsonl,python,data,basic,30,199,345,199,57.681
b01_py_parse_assignment,accepted_jsonl,data/incoming/phase3_5b_batch01_accepted.jsonl,python,function,basic,24,99,242,99,40.909
b01_py_parse_decimal_cents,accepted_jsonl,data/incoming/phase3_5b_batch01_accepted.jsonl,python,validation,intermediate,18,116,245,116,47.347
b01_py_parse_hex_color,accepted_jsonl,data/incoming/phase3_5b_batch01_accepted.jsonl,python,validation,basic,30,98,213,98,46.009
b01_py_parse_iso_calendar_date,accepted_jsonl,data/incoming/phase3_5b_batch01_accepted.jsonl,python,validation,basic,24,99,233,99,42.489
b01_py_require_snake_identifier,accepted_jsonl,data/incoming/phase3_5b_batch01_accepted.jsonl,python,validation,basic,16,92,209,92,44.019
b01_py_require_trimmed_string_list,accepted_jsonl,data/incoming/phase3_5b_batch01_accepted.jsonl,python,validation,basic,37,111,259,111,42.857
b01_py_select_columns,accepted_jsonl,data/incoming/phase3_5b_batch01_accepted.jsonl,python,data,basic,34,176,314,176,56.051
b01_py_sum_nonnegative_cents,accepted_jsonl,data/incoming/phase3_5b_batch01_accepted.jsonl,python,validation,basic,14,85,196,85,43.367
b01_py_tests_snake_identifier,accepted_jsonl,data/incoming/phase3_5b_batch01_accepted.jsonl,python,tests,basic,9,125,225,125,55.556
b01_py_transpose_rectangular,accepted_jsonl,data/incoming/phase3_5b_batch01_accepted.jsonl,python,function,basic,23,86,210,86,40.952
b01_sql_coupon_table,accepted_jsonl,data/incoming/phase3_5b_batch01_accepted.jsonl,sql,database,basic,23,45,167,45,26.946
b01_sql_debug_check_allows_null,accepted_jsonl,data/incoming/phase3_5b_batch01_accepted.jsonl,sql,debugging,basic,22,21,174,21,12.069
b01_sql_normalized_status_counts,accepted_jsonl,data/incoming/phase3_5b_batch01_accepted.jsonl,sql,data,basic,19,47,151,47,31.126
b01_sql_rating_table,accepted_jsonl,data/incoming/phase3_5b_batch01_accepted.jsonl,sql,validation,basic,16,53,180,53,29.444
b01_sql_setting_upsert,accepted_jsonl,data/incoming/phase3_5b_batch01_accepted.jsonl,sql,database,basic,24,38,154,38,24.675
b01_text_duplicate_key_policy,accepted_jsonl,data/incoming/phase3_5b_batch01_accepted.jsonl,text,explanation,basic,20,62,156,62,39.744
b01_text_fail_fast_validation,accepted_jsonl,data/incoming/phase3_5b_batch01_accepted.jsonl,text,explanation,basic,20,64,165,64,38.788
b01_ts_cumulative_finite_totals,accepted_jsonl,data/incoming/phase3_5b_batch01_accepted.jsonl,typescript,function,basic,24,122,231,122,52.814
b01_ts_debug_indexof_membership,accepted_jsonl,data/incoming/phase3_5b_batch01_accepted.jsonl,typescript,debugging,basic,14,26,195,26,13.333
b01_ts_map_unique_names,accepted_jsonl,data/incoming/phase3_5b_batch01_accepted.jsonl,typescript,data,intermediate,26,169,287,169,58.885
b01_ts_parse_core_semver,accepted_jsonl,data/incoming/phase3_5b_batch01_accepted.jsonl,typescript,validation,intermediate,22,190,311,190,61.093
b01_ts_parse_utc_offset,accepted_jsonl,data/incoming/phase3_5b_batch01_accepted.jsonl,typescript,validation,intermediate,17,191,333,191,57.357
b01_ts_require_enum_member,accepted_jsonl,data/incoming/phase3_5b_batch01_accepted.jsonl,typescript,validation,basic,30,81,195,81,41.538
b01_ts_require_trimmed_string_array,accepted_jsonl,data/incoming/phase3_5b_batch01_accepted.jsonl,typescript,validation,basic,12,120,225,120,53.333
b01_ts_validate_rgb_tuple,accepted_jsonl,data/incoming/phase3_5b_batch01_accepted.jsonl,typescript,validation,basic,17,134,245,134,54.694
b02_js_canonical_flat_json,accepted_jsonl,data/incoming/phase3_5b_batch02_accepted.jsonl,javascript,data,intermediate,14,184,314,184,58.599
b02_js_index_rows_by_field,accepted_jsonl,data/incoming/phase3_5b_batch02_accepted.jsonl,javascript,data,basic,11,251,384,251,65.365
b02_js_list_directory_files,accepted_jsonl,data/incoming/phase3_5b_batch02_accepted.jsonl,javascript,files,basic,16,100,221,100,45.249
b02_js_parse_csv_row,accepted_jsonl,data/incoming/phase3_5b_batch02_accepted.jsonl,javascript,data,intermediate,12,310,458,310,67.686
b02_js_parse_json_string_array,accepted_jsonl,data/incoming/phase3_5b_batch02_accepted.jsonl,javascript,validation,basic,6,145,256,145,56.641
b02_js_read_utf8_file_strict,accepted_jsonl,data/incoming/phase3_5b_batch02_accepted.jsonl,javascript,files,intermediate,13,60,176,60,34.091
b02_js_serialize_json_lines,accepted_jsonl,data/incoming/phase3_5b_batch02_accepted.jsonl,javascript,data,basic,10,150,271,150,55.351
b02_ps_convert_to_json_line,accepted_jsonl,data/incoming/phase3_5b_batch02_accepted.jsonl,powershell,data,basic,5,105,218,105,48.165
b02_ps_get_directory_file_report,accepted_jsonl,data/incoming/phase3_5b_batch02_accepted.jsonl,powershell,files,basic,5,110,222,110,49.55
b02_ps_get_file_preview,accepted_jsonl,data/incoming/phase3_5b_batch02_accepted.jsonl,powershell,files,basic,5,90,204,90,44.118
b02_ps_measure_file_extension,accepted_jsonl,data/incoming/phase3_5b_batch02_accepted.jsonl,powershell,data,basic,5,135,243,135,55.556
b02_ps_read_utf8_lines_strict,accepted_jsonl,data/incoming/phase3_5b_batch02_accepted.jsonl,powershell,files,basic,5,109,215,109,50.698
b02_py_debug_json_binary_mode,accepted_jsonl,data/incoming/phase3_5b_batch02_accepted.jsonl,python,debugging,basic,16,73,248,73,29.435
b02_py_decode_utf8_text,accepted_jsonl,data/incoming/phase3_5b_batch02_accepted.jsonl,python,data,basic,11,80,204,80,39.216
b02_py_list_text_files,accepted_jsonl,data/incoming/phase3_5b_batch02_accepted.jsonl,python,files,basic,21,137,285,137,48.07
b02_py_load_build_toml,accepted_jsonl,data/incoming/phase3_5b_batch02_accepted.jsonl,python,files,intermediate,16,154,285,154,54.035
b02_py_merge_disjoint_objects,accepted_jsonl,data/incoming/phase3_5b_batch02_accepted.jsonl,python,data,basic,24,138,269,138,51.301
b02_py_parse_json_object_no_duplicates,accepted_jsonl,data/incoming/phase3_5b_batch02_accepted.jsonl,python,data,intermediate,20,186,321,186,57.944
b02_py_read_ini_section,accepted_jsonl,data/incoming/phase3_5b_batch02_accepted.jsonl,python,files,basic,20,145,269,145,53.903
b02_py_read_utf8_lines,accepted_jsonl,data/incoming/phase3_5b_batch02_accepted.jsonl,python,files,basic,14,73,204,73,35.784
b02_py_require_json_value,accepted_jsonl,data/incoming/phase3_5b_batch02_accepted.jsonl,python,validation,intermediate,11,263,395,263,66.582
b02_py_sha256_file,accepted_jsonl,data/incoming/phase3_5b_batch02_accepted.jsonl,python,efficiency,basic,17,107,227,107,47.137
b02_py_write_new_csv,accepted_jsonl,data/incoming/phase3_5b_batch02_accepted.jsonl,python,files,intermediate,30,254,407,254,62.408
b02_py_write_new_json,accepted_jsonl,data/incoming/phase3_5b_batch02_accepted.jsonl,python,files,basic,15,84,230,84,36.522
b02_py_write_new_jsonl,accepted_jsonl,data/incoming/phase3_5b_batch02_accepted.jsonl,python,files,intermediate,23,160,302,160,52.98
b02_sql_debug_safe_json_count,accepted_jsonl,data/incoming/phase3_5b_batch02_accepted.jsonl,sql,debugging,intermediate,22,85,277,85,30.686
b02_sql_extract_json_email,accepted_jsonl,data/incoming/phase3_5b_batch02_accepted.jsonl,sql,data,basic,28,50,158,50,31.646
b02_sql_invalid_profile_payloads,accepted_jsonl,data/incoming/phase3_5b_batch02_accepted.jsonl,sql,validation,intermediate,14,143,273,143,52.381
b02_sql_json_document_table,accepted_jsonl,data/incoming/phase3_5b_batch02_accepted.jsonl,sql,database,basic,12,56,170,56,32.941
b02_sql_order_lines_json,accepted_jsonl,data/incoming/phase3_5b_batch02_accepted.jsonl,sql,data,intermediate,16,83,196,83,42.347
b02_text_csv_quoting,accepted_jsonl,data/incoming/phase3_5b_batch02_accepted.jsonl,text,explanation,basic,11,78,177,78,44.068
b02_text_utf8_bom,accepted_jsonl,data/incoming/phase3_5b_batch02_accepted.jsonl,text,explanation,basic,17,80,187,80,42.781
b02_ts_debug_crlf_header,accepted_jsonl,data/incoming/phase3_5b_batch02_accepted.jsonl,typescript,debugging,basic,23,77,265,77,29.057
b02_ts_decode_utf8_strict,accepted_jsonl,data/incoming/phase3_5b_batch02_accepted.jsonl,typescript,data,basic,10,44,150,44,29.333
b02_ts_encode_csv_row,accepted_jsonl,data/incoming/phase3_5b_batch02_accepted.jsonl,typescript,data,basic,13,80,207,80,38.647
b02_ts_index_composite_rows,accepted_jsonl,data/incoming/phase3_5b_batch02_accepted.jsonl,typescript,data,basic,31,151,275,151,54.909
b02_ts_merge_config_layers,accepted_jsonl,data/incoming/phase3_5b_batch02_accepted.jsonl,typescript,data,basic,28,115,247,115,46.559
b02_ts_parse_json_record,accepted_jsonl,data/incoming/phase3_5b_batch02_accepted.jsonl,typescript,data,basic,15,106,228,106,46.491
b02_ts_parse_two_column_tsv,accepted_jsonl,data/incoming/phase3_5b_batch02_accepted.jsonl,typescript,data,intermediate,15,239,372,239,64.247
b02_ts_read_text_lines,accepted_jsonl,data/incoming/phase3_5b_batch02_accepted.jsonl,typescript,files,intermediate,20,125,263,125,47.529
b03_js_await_each_async_write,accepted_jsonl,data/incoming/phase3_5b_batch03_accepted.jsonl,javascript,debugging,intermediate,18,25,190,25,13.158
b03_js_independent_status_objects,accepted_jsonl,data/incoming/phase3_5b_batch03_accepted.jsonl,javascript,debugging,basic,13,64,221,64,28.959
b03_js_preserve_zero_threshold,accepted_jsonl,data/incoming/phase3_5b_batch03_accepted.jsonl,javascript,debugging,basic,17,60,242,60,24.793
b03_js_reject_duplicate_aliases,accepted_jsonl,data/incoming/phase3_5b_batch03_accepted.jsonl,javascript,debugging,intermediate,15,108,278,108,38.849
b03_js_reject_partial_integer_text,accepted_jsonl,data/incoming/phase3_5b_batch03_accepted.jsonl,javascript,debugging,basic,15,99,313,99,31.629
b03_js_slice_without_splice_mutation,accepted_jsonl,data/incoming/phase3_5b_batch03_accepted.jsonl,javascript,debugging,basic,17,53,222,53,23.874
b03_js_strip_one_bom_and_crlf,accepted_jsonl,data/incoming/phase3_5b_batch03_accepted.jsonl,javascript,debugging,intermediate,20,105,290,105,36.207
b03_js_test_partial_numeric_rejection,accepted_jsonl,data/incoming/phase3_5b_batch03_accepted.jsonl,javascript,tests,intermediate,14,95,294,95,32.313
b03_ps_compare_not_assign_enabled,accepted_jsonl,data/incoming/phase3_5b_batch03_accepted.jsonl,powershell,debugging,basic,16,45,214,45,21.028
b03_ps_contains_operand_order,accepted_jsonl,data/incoming/phase3_5b_batch03_accepted.jsonl,powershell,debugging,basic,18,99,271,99,36.531
b03_ps_split_lines_without_carriage_return,accepted_jsonl,data/incoming/phase3_5b_batch03_accepted.jsonl,powershell,debugging,intermediate,21,73,251,73,29.084
b03_ps_verbose_not_output_item,accepted_jsonl,data/incoming/phase3_5b_batch03_accepted.jsonl,powershell,debugging,basic,16,50,223,50,22.422
b03_py_chunk_no_empty_tail,accepted_jsonl,data/incoming/phase3_5b_batch03_accepted.jsonl,python,debugging,basic,25,64,308,64,20.779
b03_py_copy_nested_options,accepted_jsonl,data/incoming/phase3_5b_batch03_accepted.jsonl,python,debugging,intermediate,19,80,291,80,27.491
b03_py_do_not_reuse_iterator_for_preview,accepted_jsonl,data/incoming/phase3_5b_batch03_accepted.jsonl,python,debugging,intermediate,16,67,289,67,23.183
b03_py_filter_without_list_mutation,accepted_jsonl,data/incoming/phase3_5b_batch03_accepted.jsonl,python,debugging,basic,18,31,222,31,13.964
b03_py_header_bom_and_crlf,accepted_jsonl,data/incoming/phase3_5b_batch03_accepted.jsonl,python,debugging,intermediate,24,72,277,72,25.993
b03_py_independent_bucket_lists,accepted_jsonl,data/incoming/phase3_5b_batch03_accepted.jsonl,python,debugging,basic,10,33,204,33,16.176
b03_py_missing_return_normalized_keys,accepted_jsonl,data/incoming/phase3_5b_batch03_accepted.jsonl,python,debugging,basic,14,45,223,45,20.179
b03_py_mutable_default_history,accepted_jsonl,data/incoming/phase3_5b_batch03_accepted.jsonl,python,debugging,basic,21,46,233,46,19.742
b03_py_preserve_explicit_empty_alias,accepted_jsonl,data/incoming/phase3_5b_batch03_accepted.jsonl,python,debugging,basic,20,85,272,85,31.25
b03_py_reject_bool_as_count,accepted_jsonl,data/incoming/phase3_5b_batch03_accepted.jsonl,python,debugging,basic,15,48,253,48,18.972
b03_py_reject_duplicate_record_ids,accepted_jsonl,data/incoming/phase3_5b_batch03_accepted.jsonl,python,debugging,intermediate,16,114,332,114,34.337
b03_py_test_exact_boundary_result,accepted_jsonl,data/incoming/phase3_5b_batch03_accepted.jsonl,python,tests,basic,15,36,211,36,17.062
b03_py_validate_before_sorting_names,accepted_jsonl,data/incoming/phase3_5b_batch03_accepted.jsonl,python,debugging,intermediate,14,75,290,75,25.862
b03_sql_count_rows_not_nullable_notes,accepted_jsonl,data/incoming/phase3_5b_batch03_accepted.jsonl,sql,debugging,basic,20,43,241,43,17.842
b03_sql_distinct_wrong_duplicate_key,accepted_jsonl,data/incoming/phase3_5b_batch03_accepted.jsonl,sql,debugging,intermediate,19,28,192,28,14.583
b03_sql_is_null_not_equals,accepted_jsonl,data/incoming/phase3_5b_batch03_accepted.jsonl,sql,debugging,basic,14,11,148,11,7.432
b03_sql_not_in_null_trap,accepted_jsonl,data/incoming/phase3_5b_batch03_accepted.jsonl,sql,debugging,intermediate,23,32,225,32,14.222
b03_sql_nullable_window_check,accepted_jsonl,data/incoming/phase3_5b_batch03_accepted.jsonl,sql,debugging,intermediate,22,49,238,49,20.588
b03_sql_reserve_before_insert_order,accepted_jsonl,data/incoming/phase3_5b_batch03_accepted.jsonl,sql,debugging,intermediate,18,75,293,75,25.597
b03_text_test_reuses_buggy_logic,accepted_jsonl,data/incoming/phase3_5b_batch03_accepted.jsonl,text,tests,intermediate,19,48,217,48,22.12
b03_ts_check_duplicate_before_set,accepted_jsonl,data/incoming/phase3_5b_batch03_accepted.jsonl,typescript,debugging,intermediate,16,117,349,117,33.524
b03_ts_independent_attempt_counters,accepted_jsonl,data/incoming/phase3_5b_batch03_accepted.jsonl,typescript,debugging,basic,11,75,242,75,30.992
b03_ts_null_is_not_missing,accepted_jsonl,data/incoming/phase3_5b_batch03_accepted.jsonl,typescript,debugging,basic,12,53,211,53,25.118
b03_ts_page_slice_end_exclusive,accepted_jsonl,data/incoming/phase3_5b_batch03_accepted.jsonl,typescript,debugging,basic,10,114,317,114,35.962
b03_ts_preserve_zero_timeout,accepted_jsonl,data/incoming/phase3_5b_batch03_accepted.jsonl,typescript,debugging,basic,17,58,257,58,22.568
b03_ts_reject_number_coercion,accepted_jsonl,data/incoming/phase3_5b_batch03_accepted.jsonl,typescript,debugging,basic,18,48,232,48,20.69
b03_ts_return_async_repository_promise,accepted_jsonl,data/incoming/phase3_5b_batch03_accepted.jsonl,typescript,debugging,intermediate,20,50,235,50,21.277
b03_ts_return_from_block_callback,accepted_jsonl,data/incoming/phase3_5b_batch03_accepted.jsonl,typescript,debugging,basic,13,34,195,34,17.436
b04_js_async_rejection,accepted_jsonl,data/incoming/phase3_5b_batch04_accepted.jsonl,javascript,tests,basic,35,186,297,186,62.626
b04_js_duplicate_event_listener,accepted_jsonl,data/incoming/phase3_5b_batch04_accepted.jsonl,javascript,tests,basic,34,155,260,155,59.615
b04_js_error_code_and_message,accepted_jsonl,data/incoming/phase3_5b_batch04_accepted.jsonl,javascript,tests,basic,36,199,308,199,64.61
b04_js_exact_sparse_array,accepted_jsonl,data/incoming/phase3_5b_batch04_accepted.jsonl,javascript,tests,basic,38,146,259,146,56.371
b04_js_fix_async_missing_await,accepted_jsonl,data/incoming/phase3_5b_batch04_accepted.jsonl,javascript,debugging,basic,25,74,290,74,25.517
b04_js_json_file_fixture,accepted_jsonl,data/incoming/phase3_5b_batch04_accepted.jsonl,javascript,tests,basic,33,333,447,333,74.497
b04_js_no_mutation_grouping,accepted_jsonl,data/incoming/phase3_5b_batch04_accepted.jsonl,javascript,tests,basic,34,209,316,209,66.139
b04_js_regression_last_index,accepted_jsonl,data/incoming/phase3_5b_batch04_accepted.jsonl,javascript,tests,basic,26,188,290,188,64.828
b04_js_table_parse_mode,accepted_jsonl,data/incoming/phase3_5b_batch04_accepted.jsonl,javascript,tests,basic,34,149,262,149,56.87
b04_ps_fix_contains_assertion,accepted_jsonl,data/incoming/phase3_5b_batch04_accepted.jsonl,powershell,debugging,basic,22,87,271,87,32.103
b04_ps_pester_table_validation,accepted_jsonl,data/incoming/phase3_5b_batch04_accepted.jsonl,powershell,tests,basic,32,137,235,137,58.298
b04_ps_testdrive_utf8_bom,accepted_jsonl,data/incoming/phase3_5b_batch04_accepted.jsonl,powershell,tests,basic,35,188,302,188,62.252
b04_py_async_dependency_order,accepted_jsonl,data/incoming/phase3_5b_batch04_accepted.jsonl,python,tests,basic,29,164,274,164,59.854
b04_py_empty_average_error,accepted_jsonl,data/incoming/phase3_5b_batch04_accepted.jsonl,python,tests,basic,36,130,251,130,51.793
b04_py_exception_chaining,accepted_jsonl,data/incoming/phase3_5b_batch04_accepted.jsonl,python,tests,basic,39,110,220,110,50.0
b04_py_fix_set_assertion_duplicates,accepted_jsonl,data/incoming/phase3_5b_batch04_accepted.jsonl,python,debugging,basic,57,70,269,70,26.022
b04_py_jsonl_error_line,accepted_jsonl,data/incoming/phase3_5b_batch04_accepted.jsonl,python,tests,basic,48,181,310,181,58.387
b04_py_missing_return_regression,accepted_jsonl,data/incoming/phase3_5b_batch04_accepted.jsonl,python,tests,basic,41,131,252,131,51.984
b04_py_mock_clock_boundary,accepted_jsonl,data/incoming/phase3_5b_batch04_accepted.jsonl,python,tests,basic,39,144,259,144,55.598
b04_py_regression_even_midpoint,accepted_jsonl,data/incoming/phase3_5b_batch04_accepted.jsonl,python,tests,basic,41,124,250,124,49.6
b04_py_sorted_copy_no_mutation,accepted_jsonl,data/incoming/phase3_5b_batch04_accepted.jsonl,python,tests,basic,47,135,265,135,50.943
b04_py_subtest_validation_matrix,accepted_jsonl,data/incoming/phase3_5b_batch04_accepted.jsonl,python,tests,basic,51,139,274,139,50.73
b04_py_table_ceil_div,accepted_jsonl,data/incoming/phase3_5b_batch04_accepted.jsonl,python,tests,basic,46,179,305,179,58.689
b04_py_table_parse_range_list,accepted_jsonl,data/incoming/phase3_5b_batch04_accepted.jsonl,python,tests,basic,57,195,354,195,55.085
b04_sql_check_null_and_negative,accepted_jsonl,data/incoming/phase3_5b_batch04_accepted.jsonl,sql,tests,basic,39,82,194,82,42.268
b04_sql_expected_rows_except,accepted_jsonl,data/incoming/phase3_5b_batch04_accepted.jsonl,sql,tests,basic,34,148,262,148,56.489
b04_sql_transaction_rollback_regression,accepted_jsonl,data/incoming/phase3_5b_batch04_accepted.jsonl,sql,tests,basic,36,137,258,137,53.101
b04_sql_upsert_idempotence,accepted_jsonl,data/incoming/phase3_5b_batch04_accepted.jsonl,sql,tests,basic,39,141,256,141,55.078
b04_sql_verify_unique_constraint,accepted_jsonl,data/incoming/phase3_5b_batch04_accepted.jsonl,sql,tests,basic,37,111,223,111,49.776
b04_text_async_no_sleep,accepted_jsonl,data/incoming/phase3_5b_batch04_accepted.jsonl,text,explanation,basic,19,65,150,65,43.333
b04_text_regression_test_scope,accepted_jsonl,data/incoming/phase3_5b_batch04_accepted.jsonl,text,explanation,basic,29,53,151,53,35.099
b04_ts_async_injected_loader,accepted_jsonl,data/incoming/phase3_5b_batch04_accepted.jsonl,typescript,tests,intermediate,39,298,417,298,71.463
b04_ts_chunk_boundaries,accepted_jsonl,data/incoming/phase3_5b_batch04_accepted.jsonl,typescript,tests,basic,51,310,440,310,70.455
b04_ts_duplicate_index_rejection,accepted_jsonl,data/incoming/phase3_5b_batch04_accepted.jsonl,typescript,tests,basic,28,206,313,206,65.815
b04_ts_error_message_contract,accepted_jsonl,data/incoming/phase3_5b_batch04_accepted.jsonl,typescript,tests,basic,29,190,289,190,65.744
b04_ts_no_mutation_sort,accepted_jsonl,data/incoming/phase3_5b_batch04_accepted.jsonl,typescript,tests,basic,27,331,435,331,76.092
b04_ts_null_undefined_distinction,accepted_jsonl,data/incoming/phase3_5b_batch04_accepted.jsonl,typescript,tests,basic,40,281,402,281,69.9
b04_ts_parser_line_numbers,accepted_jsonl,data/incoming/phase3_5b_batch04_accepted.jsonl,typescript,tests,basic,39,207,321,207,64.486
b04_ts_table_discriminated_result,accepted_jsonl,data/incoming/phase3_5b_batch04_accepted.jsonl,typescript,tests,basic,47,199,323,199,61.61
b04_ts_table_parse_boolean,accepted_jsonl,data/incoming/phase3_5b_batch04_accepted.jsonl,typescript,tests,basic,38,289,404,289,71.535
b05_js_build_session_cookie,accepted_jsonl,data/incoming/phase3_5b_batch05_accepted.jsonl,javascript,security,intermediate,19,208,350,208,59.429
b05_js_debug_validate_before_persist,accepted_jsonl,data/incoming/phase3_5b_batch05_accepted.jsonl,javascript,debugging,basic,14,28,186,28,15.054
b05_js_decode_base64url_payload,accepted_jsonl,data/incoming/phase3_5b_batch05_accepted.jsonl,javascript,security,intermediate,12,147,266,147,55.263
b05_js_literal_search_regex,accepted_jsonl,data/incoming/phase3_5b_batch05_accepted.jsonl,javascript,security,basic,19,138,268,138,51.493
b05_js_parse_upload_chunk_descriptor,accepted_jsonl,data/incoming/phase3_5b_batch05_accepted.jsonl,javascript,security,intermediate,18,278,409,278,67.971
b05_js_redact_log_object,accepted_jsonl,data/incoming/phase3_5b_batch05_accepted.jsonl,javascript,security,basic,15,213,335,213,63.582
b05_js_require_workspace_permission,accepted_jsonl,data/incoming/phase3_5b_batch05_accepted.jsonl,javascript,security,basic,15,184,317,184,58.044
b05_ps_assert_authorized_owner,accepted_jsonl,data/incoming/phase3_5b_batch05_accepted.jsonl,powershell,security,basic,15,158,251,158,62.948
b05_ps_convert_single_line_header,accepted_jsonl,data/incoming/phase3_5b_batch05_accepted.jsonl,powershell,security,basic,5,127,218,127,58.257
b05_ps_convert_upload_metadata,accepted_jsonl,data/incoming/phase3_5b_batch05_accepted.jsonl,powershell,security,intermediate,16,381,501,381,76.048
b05_ps_convertfrom_bounded_json_object,accepted_jsonl,data/incoming/phase3_5b_batch05_accepted.jsonl,powershell,security,intermediate,13,147,261,147,56.322
b05_ps_test_allowed_callback_uri,accepted_jsonl,data/incoming/phase3_5b_batch05_accepted.jsonl,powershell,security,intermediate,14,223,350,223,63.714
b05_py_debug_validate_before_enqueue,accepted_jsonl,data/incoming/phase3_5b_batch05_accepted.jsonl,python,debugging,basic,16,25,188,25,13.298
b05_py_parse_bearer_token,accepted_jsonl,data/incoming/phase3_5b_batch05_accepted.jsonl,python,security,intermediate,23,190,335,190,56.716
b05_py_parse_bounded_json_object,accepted_jsonl,data/incoming/phase3_5b_batch05_accepted.jsonl,python,security,intermediate,27,224,374,224,59.893
b05_py_redact_log_fields,accepted_jsonl,data/incoming/phase3_5b_batch05_accepted.jsonl,python,security,basic,28,187,328,187,57.012
b05_py_require_allowed_origin,accepted_jsonl,data/incoming/phase3_5b_batch05_accepted.jsonl,python,security,intermediate,18,325,462,325,70.346
b05_py_require_bounded_text_list,accepted_jsonl,data/incoming/phase3_5b_batch05_accepted.jsonl,python,security,intermediate,26,244,380,244,64.211
b05_py_require_local_redirect,accepted_jsonl,data/incoming/phase3_5b_batch05_accepted.jsonl,python,security,intermediate,18,181,312,181,58.013
b05_py_require_single_line_header_value,accepted_jsonl,data/incoming/phase3_5b_batch05_accepted.jsonl,python,security,basic,17,131,252,131,51.984
b05_py_token_digest_matches,accepted_jsonl,data/incoming/phase3_5b_batch05_accepted.jsonl,python,security,intermediate,28,127,260,127,48.846
b05_py_validate_archive_member_names,accepted_jsonl,data/incoming/phase3_5b_batch05_accepted.jsonl,python,security,intermediate,24,230,377,230,61.008
b05_py_validate_upload_metadata,accepted_jsonl,data/incoming/phase3_5b_batch05_accepted.jsonl,python,security,intermediate,37,327,486,327,67.284
b05_sql_allowlisted_report_sort,accepted_jsonl,data/incoming/phase3_5b_batch05_accepted.jsonl,sql,security,intermediate,19,69,181,69,38.122
b05_sql_audit_event_table,accepted_jsonl,data/incoming/phase3_5b_batch05_accepted.jsonl,sql,security,intermediate,13,138,265,138,52.075
b05_sql_authorized_document_update,accepted_jsonl,data/incoming/phase3_5b_batch05_accepted.jsonl,sql,security,intermediate,34,49,190,49,25.789
b05_sql_hashed_session_table,accepted_jsonl,data/incoming/phase3_5b_batch05_accepted.jsonl,sql,security,intermediate,23,94,225,94,41.778
b05_sql_idempotency_key_table,accepted_jsonl,data/incoming/phase3_5b_batch05_accepted.jsonl,sql,security,intermediate,14,100,240,100,41.667
b05_sql_tenant_composite_foreign_key,accepted_jsonl,data/incoming/phase3_5b_batch05_accepted.jsonl,sql,security,intermediate,19,111,227,111,48.899
b05_text_allowlisted_logging,accepted_jsonl,data/incoming/phase3_5b_batch05_accepted.jsonl,text,explanation,basic,20,91,187,91,48.663
b05_text_authentication_vs_authorization,accepted_jsonl,data/incoming/phase3_5b_batch05_accepted.jsonl,text,explanation,basic,15,70,172,70,40.698
b05_text_validate_before_mutation,accepted_jsonl,data/incoming/phase3_5b_batch05_accepted.jsonl,text,explanation,basic,25,81,187,81,43.316
b05_ts_debug_authorize_before_read,accepted_jsonl,data/incoming/phase3_5b_batch05_accepted.jsonl,typescript,debugging,basic,19,117,305,117,38.361
b05_ts_parse_bounded_metadata,accepted_jsonl,data/incoming/phase3_5b_batch05_accepted.jsonl,typescript,security,intermediate,23,333,473,333,70.402
b05_ts_parse_content_length,accepted_jsonl,data/incoming/phase3_5b_batch05_accepted.jsonl,typescript,security,basic,14,142,264,142,53.788
b05_ts_parse_profile_patch,accepted_jsonl,data/incoming/phase3_5b_batch05_accepted.jsonl,typescript,security,intermediate,20,393,524,393,75.0
b05_ts_require_csrf_token_pair,accepted_jsonl,data/incoming/phase3_5b_batch05_accepted.jsonl,typescript,security,basic,21,166,297,166,55.892
b05_ts_require_requested_fields,accepted_jsonl,data/incoming/phase3_5b_batch05_accepted.jsonl,typescript,security,intermediate,23,277,409,277,67.726
b05_ts_require_tenant_access,accepted_jsonl,data/incoming/phase3_5b_batch05_accepted.jsonl,typescript,security,basic,26,174,294,174,59.184
b05_ts_validate_webhook_timestamp,accepted_jsonl,data/incoming/phase3_5b_batch05_accepted.jsonl,typescript,security,intermediate,22,189,303,189,62.376
b06_js_compile_regex_once,accepted_jsonl,data/incoming/phase3_5b_batch06_accepted.jsonl,javascript,efficiency,basic,23,78,212,78,36.792
b06_js_count_map_single_pass,accepted_jsonl,data/incoming/phase3_5b_batch06_accepted.jsonl,javascript,efficiency,basic,19,71,233,71,30.472
b06_js_min_max_one_pass,accepted_jsonl,data/incoming/phase3_5b_batch06_accepted.jsonl,javascript,efficiency,basic,15,161,307,161,52.443
b06_ps_compile_regex_once,accepted_jsonl,data/incoming/phase3_5b_batch06_accepted.jsonl,powershell,efficiency,intermediate,18,107,258,107,41.473
b06_ps_count_two_predicates_once,accepted_jsonl,data/incoming/phase3_5b_batch06_accepted.jsonl,powershell,efficiency,basic,20,85,240,85,35.417
b06_ps_emit_pipeline_without_array_growth,accepted_jsonl,data/incoming/phase3_5b_batch06_accepted.jsonl,powershell,efficiency,basic,17,40,200,40,20.0
b06_ps_find_first_over_limit,accepted_jsonl,data/incoming/phase3_5b_batch06_accepted.jsonl,powershell,efficiency,basic,20,54,231,54,23.377
b06_ps_generic_list_for_array_result,accepted_jsonl,data/incoming/phase3_5b_batch06_accepted.jsonl,powershell,efficiency,intermediate,23,96,241,96,39.834
b06_ps_get_item_once,accepted_jsonl,data/incoming/phase3_5b_batch06_accepted.jsonl,powershell,files,basic,17,84,263,84,31.939
b06_ps_join_lines_once,accepted_jsonl,data/incoming/phase3_5b_batch06_accepted.jsonl,powershell,efficiency,basic,9,62,220,62,28.182
b06_ps_min_max_one_pass,accepted_jsonl,data/incoming/phase3_5b_batch06_accepted.jsonl,powershell,efficiency,basic,17,139,271,139,51.292
b06_ps_normalize_suffix_once,accepted_jsonl,data/incoming/phase3_5b_batch06_accepted.jsonl,powershell,efficiency,basic,12,82,221,82,37.104
b06_ps_parse_cutoff_once,accepted_jsonl,data/incoming/phase3_5b_batch06_accepted.jsonl,powershell,efficiency,intermediate,17,98,249,98,39.357
b06_ps_partition_one_pass,accepted_jsonl,data/incoming/phase3_5b_batch06_accepted.jsonl,powershell,efficiency,intermediate,21,128,284,128,45.07
b06_ps_pipeline_sum_amount,accepted_jsonl,data/incoming/phase3_5b_batch06_accepted.jsonl,powershell,efficiency,intermediate,17,54,218,54,24.771
b06_ps_read_json_once_for_keys,accepted_jsonl,data/incoming/phase3_5b_batch06_accepted.jsonl,powershell,efficiency,intermediate,20,107,263,107,40.684
b06_ps_return_objects_not_formatting,accepted_jsonl,data/incoming/phase3_5b_batch06_accepted.jsonl,powershell,efficiency,basic,18,59,227,59,25.991
b06_ps_sort_counts_once,accepted_jsonl,data/incoming/phase3_5b_batch06_accepted.jsonl,powershell,efficiency,intermediate,19,103,256,103,40.234
b06_py_compile_pattern_once,accepted_jsonl,data/incoming/phase3_5b_batch06_accepted.jsonl,python,efficiency,intermediate,27,49,202,49,24.257
b06_py_count_with_counter,accepted_jsonl,data/incoming/phase3_5b_batch06_accepted.jsonl,python,efficiency,basic,32,81,238,81,34.034
b06_py_fifo_with_deque,accepted_jsonl,data/incoming/phase3_5b_batch06_accepted.jsonl,python,efficiency,basic,31,51,209,51,24.402
b06_py_join_rendered_lines,accepted_jsonl,data/incoming/phase3_5b_batch06_accepted.jsonl,python,efficiency,basic,20,31,218,31,14.22
b06_py_parse_aliases_once,accepted_jsonl,data/incoming/phase3_5b_batch06_accepted.jsonl,python,efficiency,intermediate,28,96,247,96,38.866
b06_sql_conditional_counts_one_scan,accepted_jsonl,data/incoming/phase3_5b_batch06_accepted.jsonl,sql,efficiency,basic,20,55,205,55,26.829
b06_sql_exists_instead_of_distinct_join,accepted_jsonl,data/incoming/phase3_5b_batch06_accepted.jsonl,sql,efficiency,intermediate,25,54,217,54,24.885
b06_sql_exists_open_alert,accepted_jsonl,data/incoming/phase3_5b_batch06_accepted.jsonl,sql,efficiency,basic,19,19,176,19,10.795
b06_sql_index_child_foreign_key,accepted_jsonl,data/incoming/phase3_5b_batch06_accepted.jsonl,sql,database,basic,21,9,195,9,4.615
b06_sql_preaggregate_task_counts,accepted_jsonl,data/incoming/phase3_5b_batch06_accepted.jsonl,sql,efficiency,intermediate,17,65,207,65,31.401
b06_sql_recent_inbox_index,accepted_jsonl,data/incoming/phase3_5b_batch06_accepted.jsonl,sql,database,intermediate,18,49,236,49,20.763
b06_sql_sargable_utc_day,accepted_jsonl,data/incoming/phase3_5b_batch06_accepted.jsonl,sql,efficiency,intermediate,19,30,216,30,13.889
b06_sql_union_all_disjoint_tables,accepted_jsonl,data/incoming/phase3_5b_batch06_accepted.jsonl,sql,efficiency,basic,21,24,207,24,11.594
b06_sql_update_many_ids_once,accepted_jsonl,data/incoming/phase3_5b_batch06_accepted.jsonl,sql,efficiency,intermediate,16,26,209,26,12.44
b06_text_batching_tradeoffs,accepted_jsonl,data/incoming/phase3_5b_batch06_accepted.jsonl,text,explanation,intermediate,14,71,188,71,37.766
b06_text_database_index_cost,accepted_jsonl,data/incoming/phase3_5b_batch06_accepted.jsonl,text,explanation,basic,13,79,189,79,41.799
b06_text_no_wall_clock_unit_assertion,accepted_jsonl,data/incoming/phase3_5b_batch06_accepted.jsonl,text,explanation,intermediate,21,81,214,81,37.85
b06_text_time_memory_tradeoff,accepted_jsonl,data/incoming/phase3_5b_batch06_accepted.jsonl,text,explanation,basic,17,62,192,62,32.292
b06_ts_cache_collator,accepted_jsonl,data/incoming/phase3_5b_batch06_accepted.jsonl,typescript,efficiency,basic,16,73,233,73,31.33
b06_ts_count_without_spread_reducer,accepted_jsonl,data/incoming/phase3_5b_batch06_accepted.jsonl,typescript,efficiency,intermediate,25,91,264,91,34.47
b06_ts_partition_once,accepted_jsonl,data/incoming/phase3_5b_batch06_accepted.jsonl,typescript,efficiency,basic,18,93,239,93,38.912
b06_ts_queue_head_index,accepted_jsonl,data/incoming/phase3_5b_batch06_accepted.jsonl,typescript,efficiency,intermediate,19,109,299,109,36.455
legacy:code_instruction_direct:001,legacy_raw,data/raw/code_instruction_direct.txt,python,function,basic,16,54,91,54,59.341
legacy:code_instruction_direct:002,legacy_raw,data/raw/code_instruction_direct.txt,python,files,basic,12,98,131,98,74.809
legacy:code_instruction_direct:003,legacy_raw,data/raw/code_instruction_direct.txt,python,tests,basic,9,55,85,55,64.706
legacy:code_instruction_direct:004,legacy_raw,data/raw/code_instruction_direct.txt,python,files,basic,13,74,108,74,68.519
legacy:code_instruction_direct:005,legacy_raw,data/raw/code_instruction_direct.txt,typescript,tests,basic,14,108,143,108,75.524
legacy:code_instruction_direct:006,legacy_raw,data/raw/code_instruction_direct.txt,typescript,files,intermediate,13,114,148,114,77.027
legacy:code_instruction_direct:007,legacy_raw,data/raw/code_instruction_direct.txt,javascript,function,basic,11,71,103,71,68.932
legacy:code_instruction_direct:008,legacy_raw,data/raw/code_instruction_direct.txt,powershell,tests,basic,12,106,139,106,76.259
legacy:code_instruction_direct:009,legacy_raw,data/raw/code_instruction_direct.txt,sql,database,basic,14,78,113,78,69.027
legacy:code_instruction_direct:010,legacy_raw,data/raw/code_instruction_direct.txt,text,explanation,basic,12,50,83,50,60.241
legacy:code_instruction_phase3:001,legacy_raw,data/raw/code_instruction_phase3.txt,python,validation,basic,11,52,108,52,48.148
legacy:code_instruction_phase3:002,legacy_raw,data/raw/code_instruction_phase3.txt,python,files,basic,14,102,158,102,64.557
legacy:code_instruction_phase3:003,legacy_raw,data/raw/code_instruction_phase3.txt,python,tests,basic,9,72,117,72,61.538
legacy:code_instruction_phase3:004,legacy_raw,data/raw/code_instruction_phase3.txt,python,debugging,basic,9,39,111,39,35.135
legacy:code_instruction_phase3:005,legacy_raw,data/raw/code_instruction_phase3.txt,python,debugging,basic,12,42,134,42,31.343
legacy:code_instruction_phase3:006,legacy_raw,data/raw/code_instruction_phase3.txt,typescript,function,basic,12,85,154,85,55.195
legacy:code_instruction_phase3:007,legacy_raw,data/raw/code_instruction_phase3.txt,python,files,basic,12,44,100,44,44.0
legacy:code_instruction_phase3:008,legacy_raw,data/raw/code_instruction_phase3.txt,typescript,validation,intermediate,9,226,275,226,82.182
legacy:code_instruction_phase3:009,legacy_raw,data/raw/code_instruction_phase3.txt,typescript,files,basic,9,48,97,48,49.485
legacy:code_instruction_phase3:010,legacy_raw,data/raw/code_instruction_phase3.txt,typescript,validation,basic,13,70,127,70,55.118
legacy:code_instruction_phase3:011,legacy_raw,data/raw/code_instruction_phase3.txt,typescript,debugging,basic,15,62,150,62,41.333
legacy:code_instruction_phase3:012,legacy_raw,data/raw/code_instruction_phase3.txt,javascript,function,basic,11,56,108,56,51.852
legacy:code_instruction_phase3:013,legacy_raw,data/raw/code_instruction_phase3.txt,javascript,function,basic,10,53,103,53,51.456
legacy:code_instruction_phase3:014,legacy_raw,data/raw/code_instruction_phase3.txt,javascript,debugging,intermediate,12,25,118,25,21.186
legacy:code_instruction_phase3:015,legacy_raw,data/raw/code_instruction_phase3.txt,javascript,files,basic,10,106,152,106,69.737
legacy:code_instruction_phase3:016,legacy_raw,data/raw/code_instruction_phase3.txt,powershell,tests,basic,10,75,125,75,60.0
legacy:code_instruction_phase3:017,legacy_raw,data/raw/code_instruction_phase3.txt,powershell,files,basic,11,80,131,80,61.069
legacy:code_instruction_phase3:018,legacy_raw,data/raw/code_instruction_phase3.txt,sql,database,basic,11,41,95,41,43.158
legacy:code_instruction_phase3:019,legacy_raw,data/raw/code_instruction_phase3.txt,sql,database,basic,10,52,100,52,52.0
legacy:code_instruction_phase3:020,legacy_raw,data/raw/code_instruction_phase3.txt,text,explanation,basic,9,41,85,41,48.235
legacy:code_instruction_phase3:021,legacy_raw,data/raw/code_instruction_phase3.txt,text,database,basic,10,44,90,44,48.889
legacy:code_instruction_phase3:022,legacy_raw,data/raw/code_instruction_phase3.txt,python,debugging,basic,12,61,160,61,38.125
legacy:code_instruction_phase3:023,legacy_raw,data/raw/code_instruction_phase3.txt,python,security,basic,11,76,126,76,60.317
legacy:code_instruction_phase3:024,legacy_raw,data/raw/code_instruction_phase3.txt,typescript,security,basic,11,100,154,100,64.935
legacy:code_instruction_seed:001,legacy_raw,data/raw/code_instruction_seed.txt,python,function,basic,12,54,113,54,47.788
legacy:code_instruction_seed:002,legacy_raw,data/raw/code_instruction_seed.txt,python,files,intermediate,11,128,188,128,68.085
legacy:code_instruction_seed:003,legacy_raw,data/raw/code_instruction_seed.txt,python,tests,basic,8,101,142,101,71.127
legacy:code_instruction_seed:004,legacy_raw,data/raw/code_instruction_seed.txt,python,debugging,basic,6,20,94,20,21.277
legacy:code_instruction_seed:005,legacy_raw,data/raw/code_instruction_seed.txt,python,files,basic,9,79,133,79,59.398
legacy:code_instruction_seed:006,legacy_raw,data/raw/code_instruction_seed.txt,typescript,tests,basic,12,112,166,112,67.47
legacy:code_instruction_seed:007,legacy_raw,data/raw/code_instruction_seed.txt,typescript,files,intermediate,11,115,166,115,69.277
legacy:code_instruction_seed:008,legacy_raw,data/raw/code_instruction_seed.txt,javascript,function,basic,6,71,120,71,59.167
legacy:code_instruction_seed:009,legacy_raw,data/raw/code_instruction_seed.txt,javascript,files,basic,8,106,163,106,65.031
legacy:code_instruction_seed:010,legacy_raw,data/raw/code_instruction_seed.txt,powershell,tests,basic,10,101,152,101,66.447
legacy:code_instruction_seed:011,legacy_raw,data/raw/code_instruction_seed.txt,sql,database,basic,8,78,131,78,59.542
legacy:code_instruction_seed:012,legacy_raw,data/raw/code_instruction_seed.txt,text,explanation,basic,9,65,107,65,60.748
legacy:code_instruction_seed:013,legacy_raw,data/raw/code_instruction_seed.txt,python,debugging,basic,9,38,123,38,30.894
legacy:code_instruction_seed:014,legacy_raw,data/raw/code_instruction_seed.txt,python,validation,basic,13,35,83,35,42.169
legacy:code_instruction_seed:015,legacy_raw,data/raw/code_instruction_seed.txt,typescript,validation,basic,11,101,150,101,67.333
legacy:code_instruction_seed:016,legacy_raw,data/raw/code_instruction_seed.txt,javascript,debugging,intermediate,13,214,338,214,63.314
legacy:code_instruction_seed:017,legacy_raw,data/raw/code_instruction_seed.txt,python,function,basic,14,63,122,63,51.639
